Socioeconomic Score,Study Hours,Sleep Hours,Attendance (%),Grades
0.7728797690567216,0.67816091954023,0.4615384615384617,0.54,48.0
0.9300928454396504,0.3448275862068966,0.5000000000000002,0.19999999999999996,48.0
0.38463424692651504,0.839080459770115,0.7115384615384617,0.6399999999999999,54.0
0.7474782376085334,0.44827586206896564,0.7307692307692306,0.6599999999999999,36.0
0.28978254327399994,0.32183908045977017,0.6730769230769234,0.3599999999999999,32.0
0.08884405755748508,0.6666666666666667,0.7692307692307694,0.5,47.0
0.09170855671596877,0.47126436781609204,0.6923076923076925,0.72,35.0
0.8364114624549984,0.3333333333333334,0.8653846153846156,0.19999999999999996,40.0
0.7484925155206813,0.25287356321839083,0.6538461538461537,0.05999999999999994,35.0
0.8691247115995497,0.5172413793103449,0.7499999999999998,0.14,50.0
0.7880939377389405,0.31034482758620696,0.8653846153846156,0.09999999999999998,36.0
0.2651500796932646,0.35632183908045983,0.7499999999999998,0.45999999999999996,34.0
0.039200169417849054,0.9770114942528737,0.5000000000000002,0.9199999999999999,63.0
0.4558789108215652,0.2988505747126437,1.0,0.05999999999999994,32.0
0.834037383385905,0.10344827586206896,0.8846153846153848,0.24,34.0
0.07106632931709002,0.6206896551724139,0.5192307692307692,0.32000000000000006,43.0
0.7992398488614453,0.3333333333333334,0.9807692307692308,0.43999999999999995,35.0
0.14491913641480625,0.2758620689655173,0.7884615384615385,0.07999999999999996,35.0
0.27401107903565575,0.3448275862068966,0.48076923076923084,0.41999999999999993,35.0
0.7177075090003233,0.5862068965517242,0.6923076923076925,0.76,42.0
0.8899452735763886,0.36781609195402304,0.4423076923076923,0.6000000000000001,38.0
0.8947157235368206,0.3448275862068966,0.6153846153846154,0.3599999999999999,41.0
0.3477635729332694,0.3333333333333334,0.7884615384615385,0.5,34.0
0.10894013531136106,0.3333333333333334,0.7307692307692306,0.6399999999999999,34.0
0.04757074867085011,0.3448275862068966,0.9615384615384617,0.76,34.0
0.13254717506882602,0.9540229885057473,0.03846153846153855,0.5,62.0
0.5867764910442604,0.32183908045977017,0.9038461538461537,0.21999999999999997,34.0
0.5588336918601411,0.1839080459770115,0.5384615384615383,0.14,34.0
0.8816192779678776,0.35632183908045983,0.8076923076923077,0.48,41.0
0.27112428805492705,0.32183908045977017,0.9807692307692308,0.3799999999999999,33.0
0.11932812447753542,0.37931034482758624,0.8076923076923077,0.6199999999999999,35.0
0.5811478059273956,0.2758620689655173,0.2692307692307694,0.14,35.0
0.9328458854869093,0.45977011494252873,0.3269230769230771,0.039999999999999925,52.0
0.06899318984830415,0.3448275862068966,0.8076923076923077,0.6399999999999999,36.0
0.8573880671875522,0.32183908045977017,0.7692307692307694,0.48,37.0
0.5894626556247842,0.35632183908045983,0.9038461538461537,0.3599999999999999,35.0
0.7073195198341489,0.7011494252873565,0.5961538461538463,0.3999999999999999,51.0
0.9753675364192647,0.04597701149425286,0.7499999999999998,0.3999999999999999,35.0
0.8552591981631539,0.2643678160919541,0.6730769230769234,0.17999999999999994,38.0
0.4587434099800488,0.37931034482758624,0.9615384615384617,0.14,34.0
0.2843767763795852,0.35632183908045983,0.1923076923076923,0.26,33.0
0.0742874976314939,0.6551724137931035,0.8076923076923077,0.41999999999999993,46.0
0.6456937772378204,0.3333333333333334,0.8076923076923077,0.17999999999999994,34.0
0.04030361461897704,0.4137931034482759,0.28846153846153855,0.6199999999999999,33.0
0.7223107702939178,0.2643678160919541,0.9230769230769229,0.14,35.0
0.08712758724461932,0.31034482758620696,0.9807692307692308,0.14,34.0
0.030283440519845314,0.05747126436781609,0.8653846153846156,0.3400000000000001,35.0
0.2977072860821008,0.32183908045977017,0.5769230769230769,0.17999999999999994,35.0
0.3635350371716136,0.35632183908045983,0.9615384615384617,0.78,34.0
0.5758534981442058,0.49425287356321845,0.5769230769230769,0.3999999999999999,37.0
0.36051449525741486,0.31034482758620696,0.7307692307692306,0.54,34.0
0.41887448589484955,0.2988505747126437,0.17307692307692313,0.26,34.0
0.9536107179081355,0.3333333333333334,0.7884615384615385,0.32000000000000006,49.0
0.6916595147070298,0.632183908045977,0.9807692307692308,0.28,48.0
0.03150949074332081,0.3448275862068966,0.9615384615384617,0.9199999999999999,34.0
0.34682731639897907,0.36781609195402304,0.6730769230769234,0.3999999999999999,34.0
0.6891293928822212,0.5977011494252874,0.9230769230769229,0.78,44.0
0.6774261862035913,0.5632183908045978,0.9230769230769229,0.45999999999999996,42.0
0.3949553606259544,0.3333333333333334,0.7499999999999998,0.07999999999999996,32.0
0.7954168013464261,0.5402298850574714,0.9615384615384617,0.28,47.0
0.6460393004826179,0.35632183908045983,0.7884615384615385,0.6199999999999999,34.0
0.7631270968245301,0.7126436781609197,0.8269230769230769,0.41999999999999993,53.0
0.4041061536575308,0.3908045977011495,0.7115384615384617,0.26,35.0
0.2718153345445224,0.04597701149425286,0.7499999999999998,0.14,35.0
0.26493830738193697,0.2873563218390805,0.9423076923076921,0.0,34.0
0.685150302611487,0.7586206896551726,0.6538461538461537,0.15999999999999992,54.0
0.012293939968122683,0.25287356321839083,0.9423076923076921,0.07999999999999996,33.0
0.16719981274869317,0.48275862068965525,0.6730769230769234,0.6599999999999999,37.0
0.6726334444209143,0.2873563218390805,0.8076923076923077,0.07999999999999996,34.0
0.07198029402913543,0.31034482758620696,0.846153846153846,0.039999999999999925,32.0
0.9281868946377023,0.21839080459770122,0.21153846153846168,0.07999999999999996,40.0
0.43227187106410014,0.32183908045977017,0.15384615384615374,0.19999999999999996,33.0
0.933392035131912,0.632183908045977,1.0,0.41999999999999993,62.0
0.9771731740211105,0.034482758620689655,0.9038461538461537,0.14,37.0
0.20444944772010393,0.5632183908045978,0.15384615384615374,0.3599999999999999,39.0
0.830571005026806,0.6206896551724139,0.3653846153846154,0.48,48.0
0.24990247327767812,0.32183908045977017,0.7307692307692306,0.12,33.0
0.2948762246569846,0.37931034482758624,1.0,0.5800000000000001,35.0
0.2343427813506615,0.4137931034482759,0.21153846153846168,0.21999999999999997,34.0
0.3561118603640255,0.35632183908045983,0.6923076923076925,0.5800000000000001,33.0
0.9944939199054827,0.35632183908045983,0.7884615384615385,0.17999999999999994,54.0
0.5803675921488203,0.22988505747126436,0.3269230769230771,0.0,34.0
0.09207637178301141,0.25287356321839083,0.6346153846153846,0.039999999999999925,35.0
0.04849585929401799,0.2758620689655173,0.5000000000000002,0.12,34.0
0.5124667015905215,0.2758620689655173,0.9230769230769229,0.0,35.0
0.5242925132914991,0.44827586206896564,0.6923076923076925,0.24,35.0
0.8147549571439717,0.36781609195402304,0.3269230769230771,0.21999999999999997,36.0
0.7998194362398154,0.3448275862068966,0.25,0.26,36.0
0.3521439160044138,0.0689655172413793,0.7692307692307694,0.19999999999999996,35.0
0.5580200403481983,0.31034482758620696,0.8846153846153848,0.0,35.0
0.6584112618285982,0.3333333333333334,0.09615384615384626,0.43999999999999995,35.0
0.01786689552937505,0.5517241379310345,0.7115384615384617,0.7,40.0
0.6273921911746677,0.32183908045977017,0.6346153846153846,0.28,35.0
0.1260268170621608,0.67816091954023,0.3269230769230771,0.6000000000000001,47.0
0.545514328068748,0.32183908045977017,0.6730769230769234,0.3999999999999999,33.0
0.829489851647923,0.32183908045977017,1.0,0.3400000000000001,38.0
0.2904847356747178,0.3908045977011495,0.6538461538461537,0.8600000000000001,34.0
0.862637791326252,0.14942528735632188,0.05769230769230771,0.05999999999999994,35.0
0.7599393662434936,0.3448275862068966,0.7115384615384617,0.56,34.0
0.3456569957311161,0.5172413793103449,0.846153846153846,0.7,37.0
0.6139502223609269,0.32183908045977017,0.48076923076923084,0.28,34.0
0.5199456079537222,0.25287356321839083,0.17307692307692313,0.3599999999999999,34.0
0.26508320422652953,0.21839080459770122,0.9423076923076921,0.05999999999999994,33.0
0.0,0.3448275862068966,0.9423076923076921,0.6000000000000001,35.0
0.7307370791025313,0.24137931034482762,0.6538461538461537,0.30000000000000004,34.0
0.7596272807320635,0.2643678160919541,0.5769230769230769,0.12,34.0
0.8525284499381404,0.5977011494252874,0.7692307692307694,0.72,50.0
0.7617672956675845,0.35632183908045983,0.9423076923076921,0.14,37.0
0.27807933659537004,0.35632183908045983,0.6538461538461537,0.5,34.0
0.30227710964232773,0.20689655172413796,0.3269230769230771,0.17999999999999994,33.0
0.22583845116419043,0.6551724137931035,0.5000000000000002,0.3400000000000001,45.0
0.8373031353447988,0.3448275862068966,0.7692307692307694,0.6599999999999999,35.0
0.8393428370802173,0.2873563218390805,0.9423076923076921,0.19999999999999996,36.0
0.7660138878052587,0.3333333333333334,0.6538461538461537,0.56,34.0
0.7670504575396516,0.3448275862068966,0.8846153846153848,0.28,37.0
0.17849062071579042,0.3448275862068966,0.9615384615384617,0.54,33.0
0.41882990225035943,0.3448275862068966,0.0769230769230771,0.56,34.0
0.4332972948873707,0.31034482758620696,0.15384615384615374,0.3999999999999999,34.0
0.6293984551767184,0.31034482758620696,0.7307692307692306,0.43999999999999995,36.0
0.8323097671619167,0.5057471264367817,0.7115384615384617,0.15999999999999992,47.0
0.15557462744792072,0.19540229885057475,0.5192307692307692,0.24,34.0
0.9314749384188412,0.6091954022988506,0.7115384615384617,0.3400000000000001,59.0
0.46832889354540297,0.2758620689655173,0.3846153846153846,0.05999999999999994,36.0
0.434166675954926,0.4252873563218391,0.7307692307692306,0.14,34.0
0.9767273375762102,0.48275862068965525,0.6730769230769234,0.7,57.0
0.833246023696207,0.47126436781609204,0.7115384615384617,0.28,44.0
0.10239748548245077,0.7816091954022989,0.1923076923076923,0.48,50.0
0.007846721430243314,0.7126436781609197,0.7307692307692306,0.7,48.0
0.5169919415062584,0.3333333333333334,0.9230769230769229,0.24,34.0
0.8082791827817966,0.3333333333333334,0.09615384615384626,0.6000000000000001,34.0
0.7979803609046021,0.45977011494252873,0.28846153846153855,0.3599999999999999,37.0
0.35037171613593554,0.32183908045977017,0.21153846153846168,0.3999999999999999,32.0
0.07668386852283242,0.6206896551724139,0.3846153846153846,0.5800000000000001,42.0
0.6580211549393106,0.5862068965517242,0.8653846153846156,0.43999999999999995,44.0
0.3630446170822234,0.3448275862068966,0.6923076923076925,0.19999999999999996,34.0
0.6947692239102087,0.1724137931034483,0.846153846153846,0.07999999999999996,35.0
0.3934841003577838,0.31034482758620696,0.846153846153846,0.6399999999999999,32.0
0.8516925066039525,0.35632183908045983,0.8269230769230769,0.28,41.0
0.33827840256801794,0.7931034482758622,0.8076923076923077,0.3799999999999999,51.0
0.3256612311773426,0.4137931034482759,0.5384615384615383,0.05999999999999994,34.0
0.2342536140616815,0.1149425287356322,0.9807692307692308,0.12,33.0
0.8235156432862606,0.35632183908045983,0.23076923076923084,0.5800000000000001,34.0
0.8724684849363012,0.3333333333333334,0.40384615384615397,0.6599999999999999,34.0
0.09370367480689708,0.7931034482758622,0.7692307692307694,0.8600000000000001,52.0
0.3374870428783201,0.6206896551724139,0.9230769230769229,0.3599999999999999,43.0
0.7907578104972192,0.08045977011494253,0.48076923076923084,0.0,34.0
0.14540955650419646,0.1724137931034483,0.4615384615384617,0.43999999999999995,34.0
0.2929702738550363,0.8505747126436782,0.17307692307692313,0.72,54.0
0.9275515777037195,0.2988505747126437,0.7692307692307694,0.17999999999999994,44.0
0.8288322428916952,0.49425287356321845,0.5192307692307692,0.54,41.0
0.08264693097337243,0.1149425287356322,0.8269230769230769,0.020000000000000018,34.0
0.10941940948962874,0.35632183908045983,0.8076923076923077,0.52,34.0
0.7486597041875189,0.6666666666666667,0.9423076923076921,0.41999999999999993,51.0
0.04507406457940906,0.3448275862068966,0.8846153846153848,0.14,33.0
0.2728184665455478,0.45977011494252873,0.6346153846153846,0.3799999999999999,35.0
0.6433865736354619,0.5402298850574714,0.11538461538461564,0.21999999999999997,39.0
0.2692517749863463,0.839080459770115,0.6538461538461537,0.6000000000000001,54.0
0.059909272283462836,0.48275862068965525,0.8653846153846156,0.30000000000000004,37.0
0.38817864666347157,0.3448275862068966,0.17307692307692313,0.3799999999999999,34.0
0.6953599571997013,0.2988505747126437,0.9230769230769229,0.6199999999999999,33.0
0.8444142266409568,0.011494252873563218,0.6538461538461537,0.09999999999999998,32.0
0.09171970262709127,0.2988505747126437,0.7307692307692306,0.32000000000000006,35.0
0.01851335837448033,0.2873563218390805,0.7499999999999998,0.09999999999999998,34.0
0.5163120409277856,0.9195402298850576,0.13461538461538458,0.98,57.0
0.9337598501989546,0.35632183908045983,0.9038461538461537,0.43999999999999995,46.0
0.7305475986134486,0.09195402298850576,0.6538461538461537,0.0,34.0
0.034674929502112165,0.3908045977011495,0.9423076923076921,0.41999999999999993,34.0
0.6288188677983482,0.6896551724137931,0.6538461538461537,0.32000000000000006,48.0
0.060745215617650686,0.2988505747126437,0.9038461538461537,0.17999999999999994,33.0
0.12549181332828052,0.8620689655172415,0.42307692307692313,0.94,56.0
0.5099477256768354,0.9655172413793104,0.17307692307692313,0.6399999999999999,62.0
0.7917943802316121,0.10344827586206896,0.6730769230769234,0.09999999999999998,35.0
0.5374669802382995,0.3333333333333334,0.3846153846153846,0.76,34.0
0.764342001136883,0.35632183908045983,0.9807692307692308,0.52,34.0
0.2713137685440097,0.5632183908045978,0.5769230769230769,0.15999999999999992,42.0
0.9472686944794304,0.574712643678161,0.8076923076923077,0.26,61.0
0.6574527134720628,0.5632183908045978,0.846153846153846,0.6599999999999999,42.0
0.813060778653351,0.24137931034482762,0.7692307692307694,0.020000000000000018,34.0
0.5560137763461476,0.14942528735632188,0.7692307692307694,0.15999999999999992,33.0
0.7876481012940403,0.3448275862068966,0.3269230769230771,0.41999999999999993,34.0
0.20992209008125368,0.2873563218390805,0.6346153846153846,0.24,35.0
0.2000691046489595,0.05747126436781609,0.7499999999999998,0.17999999999999994,34.0
0.401152487210067,0.7356321839080461,0.5576923076923077,0.32000000000000006,49.0
0.2659637312052074,0.2988505747126437,0.2692307692307694,0.17999999999999994,34.0
0.13709470680680796,0.3448275862068966,1.0,0.7,34.0
0.5468741292256936,0.25287356321839083,0.6538461538461537,0.07999999999999996,33.0
0.4837659804500719,0.9195402298850576,0.3653846153846154,0.41999999999999993,59.0
0.37563949665065377,0.3448275862068966,0.3653846153846154,0.3599999999999999,34.0
0.13075268337810275,0.25287356321839083,0.9038461538461537,0.07999999999999996,33.0
0.6706160345077409,0.32183908045977017,0.9615384615384617,0.09999999999999998,33.0
0.3138688572097326,0.31034482758620696,0.8653846153846156,0.43999999999999995,34.0
0.9860341733635016,0.35632183908045983,1.0,0.3999999999999999,52.0
0.6581214681394132,0.2873563218390805,0.15384615384615374,0.3400000000000001,35.0
0.6550117589362342,0.3448275862068966,0.9230769230769229,0.5800000000000001,35.0
0.738372028221447,0.6436781609195403,0.3269230769230771,0.21999999999999997,48.0
0.17619456302455444,0.2758620689655173,0.6538461538461537,0.14,34.0
0.9279751223263746,0.22988505747126436,0.6346153846153846,0.09999999999999998,40.0
0.4276128802148932,0.0689655172413793,0.23076923076923084,0.039999999999999925,35.0
0.5710050268059164,0.4367816091954023,0.8076923076923077,0.41999999999999993,34.0
0.5013765200236293,0.32183908045977017,0.6153846153846154,0.32000000000000006,33.0
0.3533142366722768,0.25287356321839083,0.13461538461538458,0.19999999999999996,34.0
0.008192244675040969,0.3333333333333334,0.5961538461538463,0.5,34.0
0.05079191698525397,0.3908045977011495,0.9423076923076921,0.30000000000000004,35.0
0.47250861021634216,0.8620689655172415,0.2692307692307694,0.8600000000000001,56.0
0.034318260346191995,0.7816091954022989,0.28846153846153855,0.3799999999999999,53.0
0.24625776034061908,0.2873563218390805,0.7692307692307694,0.26,33.0
0.8068636520692385,0.32183908045977017,0.9038461538461537,0.26,38.0
0.22527000969694266,0.32183908045977017,0.6538461538461537,0.52,33.0
0.49058727805704483,0.4367816091954023,0.7115384615384617,0.3999999999999999,34.0
0.6320288902016296,0.37931034482758624,0.34615384615384603,0.21999999999999997,34.0
0.06738817864666348,0.988505747126437,0.34615384615384603,0.54,62.0
0.3322707564729879,0.32183908045977017,0.8269230769230769,0.41999999999999993,35.0
0.4870428783200883,0.37931034482758624,0.7499999999999998,0.6399999999999999,33.0
0.8377155340563315,0.16091954022988508,0.7884615384615385,0.14,34.0
0.9829801937159353,0.2988505747126437,0.8076923076923077,0.14,51.0
0.8512132324256847,0.8620689655172415,0.6538461538461537,0.3799999999999999,64.0
0.8628384177264572,0.7126436781609197,0.7115384615384617,0.7,56.0
0.5855058571762949,0.32183908045977017,0.13461538461538458,0.3999999999999999,33.0
0.19942264180385427,0.6091954022988506,0.7499999999999998,0.3999999999999999,42.0
0.09317981698413937,0.7701149425287357,0.3269230769230771,0.17999999999999994,50.0
0.29621373399168516,0.6666666666666667,0.8846153846153848,0.56,47.0
0.8973907422062217,0.09195402298850576,0.9038461538461537,0.0,34.0
0.4961602336182971,0.2988505747126437,0.7499999999999998,0.15999999999999992,33.0
0.012271648145877681,0.37931034482758624,0.7115384615384617,0.54,35.0
0.763193972291265,0.3448275862068966,0.3846153846153846,0.43999999999999995,33.0
0.3708467548679767,0.5977011494252874,0.7307692307692306,0.52,42.0
0.7806484691091073,0.5517241379310345,0.9423076923076921,0.54,45.0
0.4312910308853197,0.0689655172413793,0.8653846153846156,0.039999999999999925,34.0
0.452078155128791,0.5287356321839082,0.6730769230769234,0.3999999999999999,39.0
0.500841516289749,0.7701149425287357,0.8846153846153848,0.48,51.0
0.022459010911847002,0.1149425287356322,0.7884615384615385,0.14,34.0
0.3624427378816082,0.36781609195402304,0.5961538461538463,0.54,34.0
0.38180318550139886,0.35632183908045983,0.3846153846153846,0.26,33.0
0.06391065437644201,0.10344827586206896,0.9038461538461537,0.039999999999999925,33.0
0.09049365240361575,0.574712643678161,0.8846153846153848,0.48,41.0
0.0071556749406480324,0.3448275862068966,0.9038461538461537,0.94,33.0
0.018981486641625536,0.32183908045977017,0.8653846153846156,0.6399999999999999,33.0
0.7976125458375596,0.034482758620689655,0.7884615384615385,0.05999999999999994,34.0
0.983191966027263,0.35632183908045983,0.17307692307692313,0.6199999999999999,52.0
0.792786366321515,0.2873563218390805,0.5961538461538463,0.05999999999999994,33.0
0.6954156867553138,0.5517241379310345,0.15384615384615374,0.74,39.0
0.03539941372507495,0.37931034482758624,1.0,0.020000000000000018,33.0
0.48843611721040137,0.32183908045977017,0.28846153846153855,0.3799999999999999,33.0
0.09835151974498156,0.47126436781609204,0.1923076923076923,0.6000000000000001,36.0
0.7023707352957568,0.632183908045977,0.4423076923076923,0.5,46.0
0.41137328770940385,0.32183908045977017,0.8076923076923077,0.56,35.0
0.31483855147739054,0.2873563218390805,0.7692307692307694,0.09999999999999998,35.0
0.9208863228524617,0.35632183908045983,0.8076923076923077,0.5,45.0
0.4345344910219686,0.8160919540229886,0.6923076923076925,0.48,52.0
0.011257370233729774,0.6896551724137931,0.8269230769230769,0.3400000000000001,45.0
0.2043045508755113,0.6436781609195403,0.23076923076923084,0.52,46.0
0.10044695103601244,0.3448275862068966,0.5192307692307692,0.6000000000000001,34.0
0.37792440843076724,0.7011494252873565,0.8076923076923077,0.6000000000000001,48.0
0.3767429418517817,0.6091954022988506,0.6346153846153846,0.039999999999999925,44.0
0.13221279773515088,0.3333333333333334,0.8653846153846156,0.43999999999999995,35.0
0.6453148162596553,0.2758620689655173,0.8653846153846156,0.020000000000000018,32.0
0.5185077854189191,0.8160919540229886,0.6346153846153846,0.45999999999999996,54.0
0.9292123184609726,0.32183908045977017,0.9038461538461537,0.56,44.0
0.04154081075357506,0.35632183908045983,0.7307692307692306,0.8799999999999999,33.0
0.3035923271547833,0.2643678160919541,0.8076923076923077,0.09999999999999998,35.0
0.19193258952953113,0.2873563218390805,0.9807692307692308,0.020000000000000018,34.0
0.31784794748046685,0.632183908045977,0.5769230769230769,0.3599999999999999,45.0
0.9866694902974844,0.2758620689655173,0.9423076923076921,0.07999999999999996,48.0
0.7026382371626969,0.5862068965517242,0.6346153846153846,0.3599999999999999,45.0
0.5297985933860163,0.7471264367816093,0.5384615384615383,0.26,50.0
0.324145387264682,0.40229885057471265,0.5384615384615383,0.6599999999999999,36.0
0.3284365630468463,0.7126436781609197,0.9615384615384617,0.52,50.0
0.4527134720627738,0.40229885057471265,0.1923076923076923,0.24,34.0
0.0631527324201117,0.0689655172413793,0.4423076923076923,0.14,34.0
0.38418841048161484,0.04597701149425286,0.6730769230769234,0.09999999999999998,34.0
0.7556147527279617,0.3333333333333334,0.8076923076923077,0.3400000000000001,35.0
0.2723503382784026,0.22988505747126436,0.15384615384615374,0.0,33.0
0.3746029269162608,0.5632183908045978,0.9615384615384617,0.28,40.0
0.5222862492894482,0.942528735632184,0.48076923076923084,0.6799999999999999,61.0
0.5047314392715032,0.35632183908045983,0.28846153846153855,0.21999999999999997,35.0
0.36129470903599015,0.31034482758620696,0.40384615384615397,0.28,34.0
0.5651868611999689,0.2988505747126437,0.8076923076923077,0.05999999999999994,34.0
0.3657307816627471,0.2758620689655173,0.7884615384615385,0.09999999999999998,35.0
0.8739397452044718,0.2758620689655173,0.7499999999999998,0.30000000000000004,36.0
0.23338423299412614,0.3448275862068966,1.0,0.24,34.0
0.17898104080518062,0.67816091954023,0.6730769230769234,0.30000000000000004,47.0
0.7769814643498033,0.7586206896551726,0.8653846153846156,0.26,57.0
0.24079626389059172,0.19540229885057475,0.9615384615384617,0.020000000000000018,34.0
0.6001404384801435,0.3333333333333334,0.9615384615384617,0.54,35.0
0.21209554275014214,0.6436781609195403,0.2692307692307694,0.41999999999999993,44.0
0.5258529408486496,0.3448275862068966,0.25,0.3999999999999999,34.0
0.9749997213522221,0.2988505747126437,0.8846153846153848,0.020000000000000018,51.0
0.7992509947725678,0.3333333333333334,0.21153846153846168,0.3599999999999999,35.0
0.5141497341700197,0.5977011494252874,0.9230769230769229,0.48,42.0
0.2031007924742808,0.25287356321839083,0.8076923076923077,0.039999999999999925,33.0
0.7758445814153078,0.2643678160919541,0.3269230769230771,0.28,34.0
0.6533064345344911,0.2643678160919541,0.8846153846153848,0.12,36.0
0.21918434222405508,0.3448275862068966,0.7115384615384617,0.6799999999999999,35.0
0.3255720638883626,0.2988505747126437,0.28846153846153855,0.14,35.0
0.42734537834795305,0.7241379310344828,0.9038461538461537,0.3799999999999999,51.0
0.8970452189614242,0.7126436781609197,0.6538461538461537,0.3799999999999999,60.0
0.6544210256467415,0.20689655172413796,0.34615384615384603,0.3599999999999999,33.0
0.23495580646239933,0.2988505747126437,0.8076923076923077,0.5,34.0
0.5162451654610507,0.4137931034482759,0.9038461538461537,0.52,34.0
0.41654499047024596,0.19540229885057475,0.9423076923076921,0.24,34.0
0.1875633923695093,0.2758620689655173,0.7115384615384617,0.17999999999999994,35.0
0.3142478181878978,0.7931034482758622,0.09615384615384626,0.45999999999999996,52.0
0.910074789063632,0.5172413793103449,0.9038461538461537,0.28,54.0
0.8819090716570627,0.21839080459770122,0.846153846153846,0.21999999999999997,35.0
0.965547988720338,0.3908045977011495,0.846153846153846,0.5,51.0
0.6369107992732866,0.40229885057471265,0.9615384615384617,0.54,33.0
0.18893433943757731,0.7241379310344828,0.6153846153846154,0.6199999999999999,49.0
0.7617895874898294,0.3448275862068966,0.8076923076923077,0.6000000000000001,34.0
0.24457472776112082,0.32183908045977017,0.8269230769230769,0.3400000000000001,34.0
0.5402088743744358,0.9770114942528737,0.3846153846153846,0.3799999999999999,62.0
0.6682753931720149,0.47126436781609204,0.9615384615384617,0.12,40.0
0.20789353425695783,0.3448275862068966,0.6730769230769234,0.26,35.0
0.16024476420825018,0.35632183908045983,0.6923076923076925,0.6399999999999999,34.0
0.007378593163098121,0.574712643678161,0.9423076923076921,0.3999999999999999,40.0
0.5631025758200604,0.7011494252873565,0.15384615384615374,0.3999999999999999,48.0
0.2164090103545514,0.5862068965517242,0.34615384615384603,0.3999999999999999,40.0
0.07692907856752752,0.5517241379310345,0.30769230769230793,0.76,40.0
0.5002284911780114,0.5172413793103449,0.6346153846153846,0.6799999999999999,37.0
0.44131120498445153,0.36781609195402304,0.6538461538461537,0.21999999999999997,34.0
0.46826201807866785,0.8620689655172415,0.34615384615384603,0.3999999999999999,56.0
0.561965692885565,0.6896551724137931,0.5000000000000002,0.41999999999999993,46.0
0.882577826324413,0.2758620689655173,0.7499999999999998,0.020000000000000018,41.0
0.39049699617695244,0.3908045977011495,0.8653846153846156,0.17999999999999994,34.0
0.8327110199623269,0.632183908045977,0.6923076923076925,0.8200000000000001,49.0
0.8327444576956944,0.5287356321839082,0.6923076923076925,0.54,47.0
0.27167043769992977,0.35632183908045983,0.9423076923076921,0.19999999999999996,35.0
0.5327522598334802,0.632183908045977,0.7115384615384617,0.6199999999999999,44.0
0.214235557685663,0.3333333333333334,0.9615384615384617,0.52,34.0
0.16651991217022039,0.2873563218390805,0.5769230769230769,0.0,33.0
0.6745171034006175,0.35632183908045983,0.6730769230769234,0.3999999999999999,33.0
0.1473823827728798,0.31034482758620696,0.7884615384615385,0.05999999999999994,34.0
0.46068279851536464,0.3333333333333334,0.40384615384615397,0.52,34.0
0.07148987393974522,0.3448275862068966,0.8269230769230769,0.30000000000000004,35.0
0.4017543664106823,0.7241379310344828,0.21153846153846168,0.32000000000000006,48.0
0.6131588626712291,0.32183908045977017,0.3846153846153846,0.3799999999999999,35.0
0.1692172226618665,0.7471264367816093,0.5576923076923077,0.12,50.0
0.38034307114435073,0.04597701149425286,0.9807692307692308,0.12,34.0
0.20365808803040603,0.5172413793103449,0.7307692307692306,0.5,38.0
0.33486775376453154,0.32183908045977017,0.9423076923076921,0.21999999999999997,34.0
0.28105529486507874,0.7356321839080461,0.42307692307692313,0.6199999999999999,50.0
0.3642149377500864,0.2873563218390805,0.6730769230769234,0.14,33.0
0.09258908369464665,0.5517241379310345,0.0769230769230771,0.24,40.0
0.4986792095319832,0.35632183908045983,0.8846153846153848,0.45999999999999996,33.0
0.03223397496628365,0.6206896551724139,0.7115384615384617,0.26,42.0
0.1757375806685318,0.37931034482758624,0.5576923076923077,0.3599999999999999,36.0
0.4521338846844035,0.0689655172413793,0.9423076923076921,0.17999999999999994,35.0
0.3515754745371661,0.6896551724137931,0.5000000000000002,0.76,47.0
0.5314370423210246,0.45977011494252873,0.846153846153846,0.3400000000000001,35.0
0.17990615142834848,0.16091954022988508,0.6346153846153846,0.09999999999999998,35.0
0.33388691358575107,0.2873563218390805,0.8846153846153848,0.12,33.0
0.035867541992220156,0.3333333333333334,0.8653846153846156,0.52,33.0
0.707698480812314,0.034482758620689655,0.6538461538461537,0.09999999999999998,34.0
0.2529118692807544,0.48275862068965525,0.8269230769230769,0.32000000000000006,36.0
0.35031598658032304,0.2758620689655173,0.40384615384615397,0.14,33.0
0.9564752170666193,0.45977011494252873,0.7884615384615385,0.3799999999999999,54.0
0.017933770996110085,0.0,0.05769230769230771,0.30000000000000004,34.0
0.16894972079492637,0.47126436781609204,0.5384615384615383,0.21999999999999997,35.0
0.3483654521338847,0.35632183908045983,0.5961538461538463,0.6399999999999999,34.0
0.7425517448923863,0.31034482758620696,0.5961538461538463,0.5,34.0
0.12811110244206914,0.35632183908045983,0.34615384615384603,0.30000000000000004,34.0
0.6547888407137842,0.47126436781609204,0.7307692307692306,0.21999999999999997,39.0
0.3512076594701234,0.632183908045977,0.48076923076923084,0.6199999999999999,44.0
0.21649817764353146,0.5402298850574714,0.9615384615384617,0.76,39.0
0.3183718053032245,0.35632183908045983,0.05769230769230771,0.48,35.0
0.21862704666792993,0.32183908045977017,0.5576923076923077,0.52,34.0
0.6875466735028255,0.36781609195402304,0.8269230769230769,0.3799999999999999,36.0
0.5323621529441925,0.3448275862068966,0.6538461538461537,0.21999999999999997,34.0
0.7863663215149522,0.3448275862068966,0.7307692307692306,0.3400000000000001,35.0
0.30397128813294844,0.2643678160919541,0.13461538461538458,0.14,33.0
0.6313044059786669,0.45977011494252873,0.11538461538461564,0.30000000000000004,35.0
0.5735908781863374,0.24137931034482762,0.28846153846153855,0.09999999999999998,34.0
0.3559335257860654,0.3448275862068966,0.8846153846153848,0.41999999999999993,34.0
0.6075078857321192,0.40229885057471265,0.9423076923076921,0.52,34.0
0.5129125380354217,0.2988505747126437,0.9615384615384617,0.07999999999999996,34.0
0.9577904345790749,0.6091954022988506,0.11538461538461564,0.09999999999999998,62.0
0.5205474871543374,0.5977011494252874,0.7499999999999998,0.32000000000000006,42.0
0.5179393439516713,0.32183908045977017,0.25,0.43999999999999995,34.0
0.5558354417681874,0.32183908045977017,0.1923076923076923,0.3400000000000001,34.0
0.9190806852506159,0.4367816091954023,0.8269230769230769,0.30000000000000004,50.0
0.7164926046879704,0.7126436781609197,0.7115384615384617,0.7,51.0
0.7700041239871155,0.011494252873563218,0.6730769230769234,0.19999999999999996,33.0
0.8867798348175973,0.6206896551724139,0.6538461538461537,0.12,57.0
0.5966071846543095,0.32183908045977017,0.9423076923076921,0.24,33.0
0.903621306523702,0.6896551724137931,0.2692307692307694,0.3799999999999999,56.0
0.9897346158561733,0.574712643678161,1.0,0.56,64.0
0.7650219017153558,0.3908045977011495,0.21153846153846168,0.32000000000000006,34.0
0.32505935197672736,0.1149425287356322,0.6730769230769234,0.14,34.0
0.13622532573925256,0.4252873563218391,0.6346153846153846,0.28,34.0
0.9407371905616426,0.2988505747126437,0.05769230769230771,0.21999999999999997,41.0
0.9835709270054283,0.2873563218390805,0.7307692307692306,0.09999999999999998,50.0
0.4336651099544133,0.5517241379310345,0.05769230769230771,0.48,38.0
0.1398254550318216,0.35632183908045983,0.7692307692307694,0.3599999999999999,33.0
0.5448455734013977,0.3333333333333334,0.7307692307692306,0.3400000000000001,36.0
0.5796096701924899,0.0689655172413793,0.9230769230769229,0.039999999999999925,34.0
0.499537444688416,0.9310344827586209,0.4615384615384617,0.8600000000000001,61.0
0.8803152063665446,0.32183908045977017,0.9038461538461537,0.45999999999999996,39.0
0.17223776457606527,0.32183908045977017,0.9038461538461537,0.15999999999999992,35.0
0.4830414962271091,0.37931034482758624,0.34615384615384603,0.3400000000000001,34.0
0.43330844079849307,0.5862068965517242,0.2692307692307694,0.5800000000000001,41.0
0.11879312074365521,0.8045977011494254,0.7115384615384617,0.0,53.0
0.30922101227164817,0.25287356321839083,0.8269230769230769,0.24,34.0
0.21075803341544158,0.20689655172413796,0.6153846153846154,0.17999999999999994,36.0
0.19946722544834428,0.32183908045977017,0.8846153846153848,0.19999999999999996,33.0
0.7476788640087385,0.9195402298850576,0.3846153846153846,0.5800000000000001,61.0
0.7692239102085401,0.3448275862068966,0.8076923076923077,0.14,35.0
0.36602057535193216,0.44827586206896564,0.4615384615384617,0.72,34.0
0.07292769647454832,0.22988505747126436,0.9807692307692308,0.3599999999999999,35.0
0.9287441901938276,0.6666666666666667,0.8269230769230769,0.3400000000000001,62.0
0.6960844414226641,0.32183908045977017,0.5000000000000002,0.3400000000000001,33.0
0.31024643609491864,0.7701149425287357,0.42307692307692313,0.05999999999999994,50.0
0.8882845328191353,0.3448275862068966,0.6153846153846154,0.45999999999999996,41.0
0.45493150837615226,0.4137931034482759,0.17307692307692313,0.3599999999999999,34.0
0.6764787837581784,0.22988505747126436,0.8076923076923077,0.21999999999999997,35.0
0.0399692372853019,0.09195402298850576,0.846153846153846,0.3599999999999999,33.0
0.9291120052608701,0.0689655172413793,0.6153846153846154,0.14,34.0
0.4737458063509402,0.31034482758620696,0.9038461538461537,0.19999999999999996,34.0
0.09855214614518666,0.5287356321839082,0.5000000000000002,0.45999999999999996,39.0
0.3417447809271169,0.3448275862068966,0.28846153846153855,0.56,34.0
0.5380911512611598,0.31034482758620696,0.9807692307692308,0.30000000000000004,35.0
0.08205619768387969,0.35632183908045983,0.7499999999999998,0.039999999999999925,34.0
0.7581114368194029,0.1724137931034483,0.7499999999999998,0.15999999999999992,35.0
0.4987015013542283,0.3448275862068966,0.846153846153846,0.05999999999999994,32.0
0.7703607931430356,0.2873563218390805,0.846153846153846,0.12,35.0
0.2193961145353827,0.3448275862068966,0.9038461538461537,0.41999999999999993,34.0
0.8362219819659159,0.5287356321839082,0.5000000000000002,0.43999999999999995,44.0
0.921844871208997,0.36781609195402304,0.3269230769230771,0.45999999999999996,44.0
0.9706193782810777,0.24137931034482762,0.11538461538461564,0.039999999999999925,46.0
0.6606404440530991,0.2643678160919541,0.6923076923076925,0.020000000000000018,34.0
0.03525451688048241,0.32183908045977017,0.6538461538461537,0.32000000000000006,35.0
0.2911423444309455,0.574712643678161,1.0,0.32000000000000006,40.0
0.17395423488893103,0.5632183908045978,0.9615384615384617,0.12,41.0
0.7802137785753297,0.21839080459770122,0.13461538461538458,0.21999999999999997,34.0
0.7349836712402057,0.3448275862068966,0.13461538461538458,0.5800000000000001,35.0
0.9450283663438068,0.31034482758620696,0.7884615384615385,0.48,46.0
0.0385091229282538,0.49425287356321845,0.9230769230769229,0.15999999999999992,37.0
0.2583845116419042,0.5862068965517242,0.7692307692307694,0.52,42.0
0.5865312809995654,0.3333333333333334,0.8269230769230769,0.6399999999999999,34.0
0.7340697065281602,0.7816091954022989,0.7307692307692306,0.12,59.0
0.15146178624371648,0.3448275862068966,0.7307692307692306,0.43999999999999995,34.0
0.3081510048038877,0.3908045977011495,0.7884615384615385,0.43999999999999995,36.0
0.8370021957444913,0.47126436781609204,0.0,0.26,40.0
0.725476209052709,0.7471264367816093,0.2692307692307694,0.78,50.0
0.18776401876971432,0.7241379310344828,0.7692307692307694,0.26,49.0
0.5815824964611733,0.2758620689655173,0.1923076923076923,0.05999999999999994,34.0
0.4334756294653307,0.45977011494252873,0.6538461538461537,0.78,36.0
0.5747389070319554,0.32183908045977017,0.7499999999999998,0.54,34.0
0.9866917821197294,0.1724137931034483,0.34615384615384603,0.17999999999999994,42.0
0.043625096133483435,0.3333333333333334,0.9230769230769229,0.8200000000000001,33.0
0.4718955851046044,0.47126436781609204,0.3269230769230771,0.45999999999999996,37.0
0.33570369709871933,0.7931034482758622,0.6730769230769234,0.3799999999999999,53.0
0.4998049465553561,0.04597701149425286,0.1923076923076923,0.15999999999999992,34.0
0.7200258585138043,0.24137931034482762,0.5576923076923077,0.3599999999999999,33.0
0.406937215082647,0.3448275862068966,0.15384615384615374,0.41999999999999993,35.0
0.3548189346738149,0.3908045977011495,0.21153846153846168,0.6599999999999999,34.0
0.7689118246971098,0.05747126436781609,0.6538461538461537,0.28,34.0
0.40536564161437383,0.3448275862068966,0.6730769230769234,0.020000000000000018,34.0
0.8910710105997615,0.4252873563218391,0.8076923076923077,0.41999999999999993,47.0
0.18807610428114446,0.2988505747126437,0.5192307692307692,0.15999999999999992,33.0
0.4245923383006944,0.6666666666666667,0.8653846153846156,0.8200000000000001,46.0
0.9551377077319185,0.2988505747126437,0.6538461538461537,0.26,47.0
0.4819937805815937,0.8620689655172415,0.25,0.56,56.0
0.8560282660306067,0.3333333333333334,0.9038461538461537,0.28,39.0
0.1851224378336807,0.2988505747126437,0.8076923076923077,0.17999999999999994,34.0
0.9930783891929247,0.2988505747126437,0.9230769230769229,0.30000000000000004,51.0
0.2426910687814176,0.3448275862068966,0.6923076923076925,0.45999999999999996,34.0
0.9729154359723136,0.2758620689655173,0.7884615384615385,0.0,48.0
0.19648012126751302,0.1839080459770115,0.7692307692307694,0.039999999999999925,34.0
0.09309064969515933,0.574712643678161,0.6538461538461537,0.21999999999999997,41.0
0.21268627603963491,0.32183908045977017,0.7115384615384617,0.21999999999999997,33.0
0.47479352199645564,0.22988505747126436,0.3846153846153846,0.05999999999999994,34.0
0.8286093246692452,0.2988505747126437,0.7115384615384617,0.05999999999999994,38.0
0.05029035098474126,0.35632183908045983,0.7307692307692306,0.3599999999999999,34.0
0.25362520759259466,0.5057471264367817,0.23076923076923084,0.30000000000000004,36.0
0.7199924207804367,0.31034482758620696,0.8076923076923077,0.3799999999999999,34.0
0.5043301864710932,0.7586206896551726,0.6538461538461537,0.8400000000000001,50.0
0.9921421326586342,0.3333333333333334,0.7499999999999998,0.09999999999999998,54.0
0.18571317112317348,0.13793103448275862,0.3846153846153846,0.14,34.0
0.038943813462031476,0.7126436781609197,0.9423076923076921,0.43999999999999995,47.0
0.9736622120175216,0.32183908045977017,0.6346153846153846,0.3599999999999999,50.0
0.9187463079169407,0.3448275862068966,0.9615384615384617,0.14,47.0
0.727593932165985,0.7471264367816093,0.9230769230769229,0.41999999999999993,54.0
0.09922090081253694,0.3908045977011495,0.09615384615384626,0.19999999999999996,33.0
0.0066986925846253265,0.2643678160919541,0.846153846153846,0.48,35.0
0.21411295266331543,0.6666666666666667,0.7499999999999998,0.76,45.0
0.12816683199768164,0.2873563218390805,0.8653846153846156,0.30000000000000004,34.0
0.563002262619958,0.32183908045977017,0.9615384615384617,0.3799999999999999,34.0
0.21829266933425473,0.49425287356321845,0.8076923076923077,0.3999999999999999,36.0
0.7597164480210435,0.25287356321839083,0.3653846153846154,0.24,33.0
0.08079670972703666,0.011494252873563218,0.7115384615384617,0.19999999999999996,35.0
0.7676857744736344,0.8045977011494254,0.8076923076923077,0.14,61.0
0.791638337475897,0.35632183908045983,0.9423076923076921,0.43999999999999995,36.0
0.5376453148162597,0.7011494252873565,0.7884615384615385,0.5800000000000001,48.0
0.8354417681873405,0.6091954022988506,0.42307692307692313,0.3999999999999999,48.0
0.4437633054314025,0.40229885057471265,0.8076923076923077,0.45999999999999996,33.0
0.290997447586353,0.0689655172413793,0.6730769230769234,0.3599999999999999,34.0
0.2264737680981732,0.31034482758620696,0.40384615384615397,0.3999999999999999,35.0
0.8533866850945732,0.2758620689655173,0.11538461538461564,0.0,34.0
0.5100591847880604,0.3448275862068966,0.21153846153846168,0.3599999999999999,34.0
0.072192066340463,0.22988505747126436,0.6730769230769234,0.09999999999999998,34.0
0.533565911345423,0.3448275862068966,0.8269230769230769,0.48,34.0
0.3493240004904201,0.5517241379310345,0.6346153846153846,0.5,40.0
0.18549025290072335,0.3908045977011495,0.8076923076923077,0.17999999999999994,33.0
0.38815635484122646,0.35632183908045983,0.3269230769230771,0.6799999999999999,35.0
0.836556359299591,0.6551724137931035,0.8653846153846156,0.3400000000000001,54.0
0.5817831228613783,0.31034482758620696,0.4615384615384617,0.30000000000000004,33.0
0.6154103367179751,0.19540229885057475,0.7307692307692306,0.30000000000000004,33.0
0.9631627637401219,0.5632183908045978,0.7884615384615385,0.54,62.0
0.575129013921243,0.40229885057471265,0.8076923076923077,0.15999999999999992,33.0
0.1786689552937505,0.67816091954023,0.28846153846153855,0.45999999999999996,46.0
0.5411897145532162,0.5287356321839082,0.6346153846153846,0.3999999999999999,39.0
0.8499648903799641,0.2988505747126437,0.5769230769230769,0.07999999999999996,38.0
0.19421750130964455,0.8160919540229886,0.8076923076923077,0.48,54.0
0.25371437488157467,0.4137931034482759,0.21153846153846168,0.52,36.0
0.05370099978822772,0.6436781609195403,0.6538461538461537,0.6399999999999999,45.0
0.6912916996399872,0.7356321839080461,0.846153846153846,0.3999999999999999,53.0
0.37207280509145224,0.7586206896551726,0.5576923076923077,0.72,51.0
0.880393227744402,0.3333333333333334,0.9038461538461537,0.26,43.0
0.726601946076082,0.31034482758620696,0.9423076923076921,0.21999999999999997,35.0
0.7744179047916273,0.034482758620689655,0.9038461538461537,0.039999999999999925,34.0
0.3074822501365374,0.2873563218390805,0.48076923076923084,0.039999999999999925,35.0
0.10748002095431293,0.7931034482758622,0.5192307692307692,0.17999999999999994,51.0
0.4797088688014802,0.6206896551724139,0.6538461538461537,0.52,44.0
0.7133828954847914,0.8735632183908048,0.5192307692307692,0.8,58.0
0.5145064033259399,0.2988505747126437,0.5769230769230769,0.039999999999999925,33.0
0.6758323209130731,0.3333333333333334,0.6346153846153846,0.54,35.0
0.3009396003076272,0.3333333333333334,0.846153846153846,0.8,33.0
0.48570536898538774,0.7701149425287357,0.6730769230769234,0.6199999999999999,52.0
0.3841215350148798,0.40229885057471265,0.21153846153846168,0.56,35.0
0.09456190996332998,0.4137931034482759,0.6346153846153846,0.48,34.0
0.6033058772389349,0.7011494252873565,0.846153846153846,0.52,49.0
0.6544210256467415,0.36781609195402304,0.8653846153846156,0.07999999999999996,34.0
0.9921421326586342,0.3448275862068966,0.6923076923076925,0.6399999999999999,52.0
0.8405688873036927,0.2643678160919541,0.7307692307692306,0.24,37.0
0.09613348343160312,0.32183908045977017,0.3653846153846154,0.32000000000000006,33.0
0.8611219474135915,0.1724137931034483,0.09615384615384626,0.3799999999999999,33.0
0.6213956909907601,0.7816091954022989,0.15384615384615374,0.43999999999999995,51.0
0.34309343617294,0.37931034482758624,0.9615384615384617,0.09999999999999998,35.0
0.02002920228714096,0.6551724137931035,0.7115384615384617,0.54,46.0
0.6979012249356324,0.5632183908045978,0.6153846153846154,0.5800000000000001,41.0
0.8381279327678642,0.3333333333333334,0.4615384615384617,0.48,36.0
0.4893835196558143,0.32183908045977017,0.6538461538461537,0.6799999999999999,34.0
0.6575195889387979,0.4367816091954023,0.6923076923076925,0.41999999999999993,34.0
0.8964099020274412,0.10344827586206896,0.7115384615384617,0.3799999999999999,34.0
0.5013876659347519,0.574712643678161,0.5384615384615383,0.6199999999999999,40.0
0.9787781852227511,0.2643678160919541,0.7499999999999998,0.0,48.0
0.3281913530021512,0.31034482758620696,0.9038461538461537,0.3400000000000001,33.0
0.03884350026192891,0.35632183908045983,0.3269230769230771,0.17999999999999994,34.0
0.32996355287062945,0.011494252873563218,0.7307692307692306,0.12,33.0
0.22574928387521037,0.37931034482758624,0.30769230769230793,0.5800000000000001,34.0
0.03913329395111405,0.3448275862068966,0.42307692307692313,0.21999999999999997,33.0
0.036848382171000574,0.36781609195402304,0.23076923076923084,0.43999999999999995,34.0
0.5413011736644412,0.6551724137931035,0.8653846153846156,0.8200000000000001,46.0
0.9161381647142746,0.35632183908045983,0.9615384615384617,0.5800000000000001,46.0
0.45560026304350254,0.4137931034482759,0.28846153846153855,0.3999999999999999,33.0
0.5249278302254818,0.2873563218390805,0.6346153846153846,0.21999999999999997,34.0
0.4410994326731239,0.2873563218390805,0.9615384615384617,0.07999999999999996,33.0
0.9636643297406347,0.32183908045977017,0.6730769230769234,0.6399999999999999,47.0
0.5582652503928933,0.2758620689655173,0.34615384615384603,0.09999999999999998,34.0
0.0028644991584837187,0.8275862068965518,0.7499999999999998,0.45999999999999996,54.0
0.43554876893411654,0.022988505747126436,0.7115384615384617,0.24,32.0
0.7693910988753776,0.6896551724137931,0.30769230769230793,0.5,49.0
0.3635015994382461,0.45977011494252873,0.8269230769230769,0.7,35.0
0.5766114201005361,0.6436781609195403,0.9038461538461537,0.32000000000000006,47.0
0.942932935052776,0.47126436781609204,0.6923076923076925,0.56,53.0
0.7563949665065371,0.7356321839080461,0.9423076923076921,0.5800000000000001,53.0
0.008158806941673452,0.2873563218390805,0.8269230769230769,0.07999999999999996,33.0
0.6869559402133327,0.3448275862068966,0.6346153846153846,0.3799999999999999,33.0
0.053266309254450014,0.6896551724137931,0.7884615384615385,0.32000000000000006,47.0
0.027463525005851627,0.632183908045977,0.3269230769230771,0.56,43.0
0.9723469945050658,0.45977011494252873,0.7499999999999998,0.52,58.0
0.2160077575541413,0.25287356321839083,0.8269230769230769,0.039999999999999925,35.0
0.7911590632976294,0.3333333333333334,0.9423076923076921,0.6599999999999999,34.0
0.37210624282481974,0.2758620689655173,0.28846153846153855,0.020000000000000018,34.0
0.6997514461819683,0.5287356321839082,0.4615384615384617,0.56,40.0
0.3460582485315263,0.5172413793103449,0.8846153846153848,0.74,37.0
0.8236828319530981,0.36781609195402304,0.9230769230769229,0.32000000000000006,39.0
0.3083850689374603,0.8620689655172415,0.6730769230769234,0.5,57.0
0.18184553996366432,0.31034482758620696,1.0,0.14,34.0
0.4128556938886969,0.32183908045977017,0.17307692307692313,0.6599999999999999,34.0
0.4077843043279573,0.2988505747126437,0.13461538461538458,0.24,35.0
0.15186303904412668,0.9195402298850576,0.6538461538461537,0.8,59.0
0.8716994170688485,0.632183908045977,0.48076923076923084,0.3999999999999999,53.0
0.4685852495012205,0.574712643678161,0.8846153846153848,0.6799999999999999,41.0
0.062093870863473746,0.9195402298850576,0.23076923076923084,0.6000000000000001,58.0
0.6093803988006999,0.3448275862068966,0.13461538461538458,0.21999999999999997,33.0
0.19759471237976345,0.5517241379310345,0.9615384615384617,0.14,39.0
0.4494588660150025,0.7241379310344828,0.9230769230769229,0.039999999999999925,50.0
0.9163164992922348,0.47126436781609204,0.6538461538461537,0.5800000000000001,49.0
0.03133115616536074,0.2873563218390805,0.21153846153846168,0.28,34.0
0.7347384611955106,0.31034482758620696,0.9230769230769229,0.3799999999999999,32.0
0.8153345445223421,0.2988505747126437,0.9230769230769229,0.039999999999999925,40.0
0.4734783044840001,0.5517241379310345,1.0,0.3599999999999999,41.0
0.9434345010532887,0.4367816091954023,0.8076923076923077,0.3599999999999999,53.0
0.6471984752393585,0.32183908045977017,0.7499999999999998,0.6399999999999999,34.0
0.6657341254360839,0.3333333333333334,0.5192307692307692,0.21999999999999997,35.0
0.2010053611832499,0.31034482758620696,0.1923076923076923,0.56,36.0
0.8956073964266209,0.3448275862068966,0.5000000000000002,0.19999999999999996,42.0
0.6797668275393173,0.16091954022988508,0.8269230769230769,0.19999999999999996,35.0
0.6087896655112073,0.7701149425287357,0.7115384615384617,0.74,52.0
0.1863039044126662,0.32183908045977017,0.7307692307692306,0.3599999999999999,34.0
0.7812392023986001,0.3333333333333334,0.28846153846153855,0.3400000000000001,34.0
0.6841694624327066,0.6091954022988506,0.8269230769230769,0.30000000000000004,46.0
0.8369799039222462,0.3908045977011495,0.6538461538461537,0.15999999999999992,42.0
0.7575429953521551,0.35632183908045983,0.40384615384615397,0.6599999999999999,34.0
0.5928733044282706,0.31034482758620696,0.6730769230769234,0.05999999999999994,32.0
0.47977574426821523,0.7011494252873565,0.9230769230769229,0.48,47.0
0.6985588336918602,0.2988505747126437,0.846153846153846,0.12,35.0
0.506715411451309,0.37931034482758624,1.0,0.24,35.0
0.2751702537923963,0.9540229885057473,0.5576923076923077,0.8,60.0
1.0,0.3333333333333334,0.6346153846153846,0.21999999999999997,54.0
0.5386038631727951,0.7241379310344828,0.6153846153846154,0.94,50.0
0.8772054971633657,0.8160919540229886,0.17307692307692313,0.78,58.0
0.6355175603829735,0.32183908045977017,0.846153846153846,0.74,35.0
0.06850276975891394,0.7471264367816093,0.3269230769230771,0.52,51.0
0.21919548813517759,0.3333333333333334,0.05769230769230771,0.30000000000000004,34.0
0.39394108271380646,0.13793103448275862,0.8846153846153848,0.09999999999999998,34.0
0.7653674249601534,0.6091954022988506,0.6346153846153846,0.5800000000000001,46.0
0.48912716369999676,0.25287356321839083,0.8076923076923077,0.24,32.0
0.5208261349324,0.1839080459770115,0.4423076923076923,0.020000000000000018,32.0
0.811511497007323,0.2758620689655173,0.7884615384615385,0.0,36.0
0.28601522531459334,0.7471264367816093,0.6538461538461537,0.3799999999999999,50.0
0.9863462588749319,0.40229885057471265,0.6153846153846154,0.41999999999999993,55.0
0.512277221101439,0.19540229885057475,0.5576923076923077,0.039999999999999925,35.0
0.25694668910710106,0.32183908045977017,0.42307692307692313,0.24,34.0
0.40886545770684035,0.3448275862068966,0.5769230769230769,0.41999999999999993,35.0
0.405856061703764,0.3448275862068966,0.6923076923076925,0.5800000000000001,33.0
0.9670526867218763,0.2988505747126437,0.9615384615384617,0.5,48.0
0.18046344698447375,0.5517241379310345,0.25,0.41999999999999993,39.0
0.18473233094439306,0.0,0.6730769230769234,0.17999999999999994,33.0
0.06344252610929683,0.25287356321839083,0.9423076923076921,0.039999999999999925,34.0
0.07445468629833148,0.839080459770115,0.7692307692307694,0.6399999999999999,55.0
0.5361852004592116,0.9195402298850576,0.1923076923076923,0.5,60.0
0.9349747545113076,0.47126436781609204,0.9615384615384617,0.6000000000000001,53.0
0.2176907901336395,0.36781609195402304,0.7499999999999998,0.28,33.0
0.2511173775900311,0.31034482758620696,0.21153846153846168,0.52,32.0
0.7369342056866439,0.1839080459770115,0.6923076923076925,0.07999999999999996,35.0
0.3613504385916027,0.35632183908045983,0.8653846153846156,0.56,33.0
0.8778073763639809,0.2758620689655173,0.28846153846153855,0.19999999999999996,35.0
0.4670248219440699,0.574712643678161,0.7115384615384617,0.21999999999999997,42.0
0.07610428114446215,0.7701149425287357,0.8846153846153848,0.6399999999999999,52.0
0.27827996299557506,0.25287356321839083,0.4423076923076923,0.039999999999999925,34.0
0.45252399157369116,0.12643678160919541,0.3653846153846154,0.039999999999999925,34.0
0.07069851425004738,0.7011494252873565,0.7884615384615385,0.3599999999999999,49.0
0.9872044940313647,0.25287356321839083,0.9615384615384617,0.0,49.0
0.8451052731305522,0.9310344827586209,0.3846153846153846,0.76,63.0
0.6350159943824608,0.48275862068965525,0.21153846153846168,0.41999999999999993,36.0
0.5129013921242993,0.7586206896551726,0.6153846153846154,0.12,52.0
0.3713148831351219,0.2988505747126437,0.9230769230769229,0.17999999999999994,34.0
0.5590008805269787,0.32183908045977017,0.05769230769230771,0.15999999999999992,33.0
0.6371114256734918,0.32183908045977017,0.7692307692307694,0.14,34.0
0.09144105484902866,0.2758620689655173,0.846153846153846,0.09999999999999998,34.0
0.9674985231667763,0.2643678160919541,0.30769230769230793,0.3599999999999999,44.0
0.16954045408441915,0.3333333333333334,0.0769230769230771,0.6199999999999999,34.0
0.8180987304807231,0.6551724137931035,0.846153846153846,0.5,52.0
0.14426152765857847,0.2643678160919541,0.3846153846153846,0.020000000000000018,34.0
0.11289693375985023,0.7241379310344828,0.09615384615384626,0.74,49.0
0.3711699862905294,0.45977011494252873,0.25,0.3400000000000001,34.0
0.9219897680535896,0.31034482758620696,0.5000000000000002,0.26,41.0
0.42732308652570805,0.08045977011494253,0.5961538461538463,0.07999999999999996,34.0
0.15963173909651246,0.36781609195402304,0.6538461538461537,0.039999999999999925,34.0
0.8751323576945799,0.4252873563218391,0.8846153846153848,0.21999999999999997,47.0
0.8507562500696619,0.3448275862068966,0.5000000000000002,0.54,37.0
0.3903075156878699,0.8045977011494254,0.25,0.30000000000000004,53.0
0.8539774183840659,0.6551724137931035,0.7692307692307694,0.0,59.0
0.2976515565264883,0.3448275862068966,0.9423076923076921,0.6000000000000001,34.0
0.4362286695125893,0.2873563218390805,0.8076923076923077,0.32000000000000006,35.0
0.18368461529887758,0.31034482758620696,0.8846153846153848,0.56,33.0
0.5465620437142635,0.31034482758620696,0.6730769230769234,0.28,33.0
0.9366689330019282,0.3448275862068966,0.25,0.30000000000000004,45.0
0.4684514985677505,0.632183908045977,0.7499999999999998,0.5,45.0
0.1112027552692295,0.2758620689655173,0.3653846153846154,0.07999999999999996,33.0
0.4445769569433453,0.8160919540229886,0.7307692307692306,0.8200000000000001,52.0
0.42056866438547025,0.49425287356321845,0.8846153846153848,0.12,36.0
0.9657374692094205,0.0689655172413793,0.5961538461538463,0.12,36.0
0.758423522330833,0.7471264367816093,0.05769230769230771,0.3400000000000001,51.0
0.7904791627191566,0.32183908045977017,0.5000000000000002,0.56,33.0
0.3474069037773493,0.35632183908045983,0.5192307692307692,0.7,34.0
0.171569009908715,0.8045977011494254,0.5961538461538463,0.3999999999999999,53.0
0.13927930538681887,0.32183908045977017,0.9807692307692308,0.45999999999999996,34.0
0.26454820049264927,0.2643678160919541,0.11538461538461564,0.039999999999999925,32.0
0.41471706104615524,0.31034482758620696,0.48076923076923084,0.41999999999999993,34.0
0.6433085522576043,0.5172413793103449,0.6923076923076925,0.17999999999999994,41.0
0.8147549571439717,0.2758620689655173,0.6538461538461537,0.09999999999999998,35.0
0.9475361963463704,0.24137931034482762,0.6730769230769234,0.26,42.0
0.11968479363345559,0.2758620689655173,0.9423076923076921,0.12,35.0
0.3386685094573056,0.08045977011494253,0.6730769230769234,0.05999999999999994,34.0
0.8566635829645896,0.14942528735632188,0.8076923076923077,0.15999999999999992,33.0
0.05132692071913418,0.48275862068965525,0.3846153846153846,0.54,36.0
0.45651422775554784,0.44827586206896564,0.0769230769230771,0.020000000000000018,35.0
0.5490141441612145,0.32183908045977017,0.9230769230769229,0.54,33.0
0.2763405744602593,0.31034482758620696,0.8846153846153848,0.020000000000000018,35.0
0.7420055952473836,0.16091954022988508,0.8653846153846156,0.039999999999999925,36.0
0.7246402657185212,0.3448275862068966,1.0,0.5800000000000001,33.0
0.4268103746140728,0.7471264367816093,0.6923076923076925,0.56,49.0
0.3788495190539351,0.7471264367816093,0.6153846153846154,0.3999999999999999,49.0
0.7611654164669692,0.3448275862068966,0.03846153846153855,0.3999999999999999,34.0
0.5220187474225081,0.32183908045977017,0.8846153846153848,0.05999999999999994,34.0
0.6399647789208529,0.632183908045977,0.8846153846153848,0.45999999999999996,45.0
0.2521985309689141,0.67816091954023,0.40384615384615397,0.7,45.0
0.007813283696875797,0.3333333333333334,0.3269230769230771,0.6000000000000001,33.0
0.6307359645114191,0.6206896551724139,0.7692307692307694,0.21999999999999997,46.0
0.5802226953042278,0.3333333333333334,0.6538461538461537,0.24,33.0
0.3041050390664185,0.37931034482758624,0.6153846153846154,0.5,35.0
0.5116976337230688,0.31034482758620696,0.8076923076923077,0.32000000000000006,34.0
0.6760106554910332,0.7011494252873565,0.7692307692307694,0.24,49.0
0.45801892575708614,0.25287356321839083,0.9230769230769229,0.09999999999999998,34.0
0.1709448388858547,0.5517241379310345,0.019230769230769384,0.24,38.0
0.36007980472363715,0.67816091954023,0.17307692307692313,0.32000000000000006,47.0
0.7901224935632364,0.6436781609195403,0.6730769230769234,0.41999999999999993,49.0
0.05931853899397006,0.3333333333333334,0.8269230769230769,0.45999999999999996,34.0
0.18916840357114995,0.2758620689655173,0.7307692307692306,0.21999999999999997,35.0
0.01971711677571085,0.31034482758620696,0.9230769230769229,0.07999999999999996,33.0
0.2016852617617227,0.7011494252873565,0.21153846153846168,0.54,48.0
0.18261460783111721,0.7011494252873565,0.7307692307692306,0.09999999999999998,47.0
0.7676746285625119,0.45977011494252873,0.7307692307692306,0.54,39.0
0.3578394765880137,0.32183908045977017,0.7692307692307694,0.28,34.0
0.4387142076929079,0.04597701149425286,0.1923076923076923,0.26,33.0
0.9131622064445659,0.5287356321839082,0.8269230769230769,0.24,55.0
0.8806050000557296,0.13793103448275862,0.5576923076923077,0.17999999999999994,34.0
0.8159252778118348,0.9080459770114943,0.0769230769230771,0.8200000000000001,60.0
0.8260903487555591,0.6666666666666667,0.7115384615384617,0.21999999999999997,57.0
0.11215015771464239,0.36781609195402304,0.5384615384615383,0.05999999999999994,35.0
0.2364493585528149,0.4252873563218391,0.5384615384615383,0.14,34.0
0.9615131688939913,0.13793103448275862,0.9038461538461537,0.15999999999999992,40.0
0.983258841493998,0.31034482758620696,0.3846153846153846,0.32000000000000006,50.0
0.8283195309800601,0.7126436781609197,0.6730769230769234,0.5,55.0
0.22403281356234467,0.32183908045977017,0.8269230769230769,0.3400000000000001,35.0
0.29736176283730315,0.2643678160919541,0.7115384615384617,0.05999999999999994,34.0
0.6288745973539608,0.47126436781609204,0.5576923076923077,0.52,37.0
0.43638471226830444,0.32183908045977017,0.28846153846153855,0.039999999999999925,34.0
0.51495223977084,0.49425287356321845,0.7499999999999998,0.78,37.0
0.4050201183695762,0.3333333333333334,0.9807692307692308,0.45999999999999996,34.0
0.4511864822389906,0.7126436781609197,0.7692307692307694,0.3599999999999999,49.0
0.3722065560249223,0.3333333333333334,0.1923076923076923,0.3400000000000001,34.0
0.5622331947525051,0.5977011494252874,0.8076923076923077,0.41999999999999993,44.0
0.7447697812057648,0.32183908045977017,0.34615384615384603,0.30000000000000004,35.0
0.1850555623669457,0.36781609195402304,0.7692307692307694,0.5,33.0
0.5608511017733144,0.3448275862068966,1.0,0.7,33.0
0.033660651589964244,0.7931034482758622,0.05769230769230771,0.30000000000000004,52.0
0.39397452044717396,0.6551724137931035,0.9423076923076921,0.7,45.0
0.2528784315473869,0.35632183908045983,0.6538461538461537,0.41999999999999993,35.0
0.06519243415553004,0.022988505747126436,0.4615384615384617,0.12,34.0
0.26185089000100314,0.2758620689655173,0.6153846153846154,0.30000000000000004,35.0
0.7799016930638997,0.49425287356321845,0.5192307692307692,0.43999999999999995,41.0
0.6909461763951895,0.2988505747126437,0.7307692307692306,0.09999999999999998,34.0
0.29120921989768056,0.32183908045977017,0.7692307692307694,0.48,35.0
0.23045285836890733,0.8275862068965518,0.6346153846153846,0.48,54.0
0.19192144361840857,0.36781609195402304,0.6538461538461537,0.3400000000000001,35.0
0.15268783646719203,0.45977011494252873,0.30769230769230793,0.56,35.0
0.6900767953276341,0.44827586206896564,0.846153846153846,0.7,36.0
0.5223085411116932,0.6091954022988506,0.9038461538461537,0.32000000000000006,43.0
0.9675542527223888,0.3448275862068966,0.7499999999999998,0.30000000000000004,50.0
0.9931898483041497,0.3333333333333334,0.6153846153846154,0.12,53.0
0.051416088008114244,0.8505747126436782,0.25,1.0,54.0
0.48483598791783244,0.5977011494252874,0.6730769230769234,0.32000000000000006,42.0
0.709749328458855,0.6666666666666667,0.8076923076923077,0.52,48.0
0.9603651400483735,0.32183908045977017,0.6730769230769234,0.6799999999999999,46.0
0.20383642260836615,0.35632183908045983,0.42307692307692313,0.5,35.0
0.6554575953811345,0.3908045977011495,0.5769230769230769,0.6399999999999999,33.0
0.48588370356334776,0.12643678160919541,0.7115384615384617,0.07999999999999996,34.0
0.3230530879746765,0.31034482758620696,0.6153846153846154,0.3799999999999999,35.0
0.18621473712368614,0.4137931034482759,0.34615384615384603,0.45999999999999996,34.0
0.33986112194741364,0.5287356321839082,0.5961538461538463,0.52,40.0
0.3400951860809862,0.24137931034482762,0.7692307692307694,0.14,33.0
0.5968523946990046,0.3333333333333334,0.6346153846153846,0.5,34.0
0.14260078690132527,0.3333333333333334,0.4615384615384617,0.3599999999999999,35.0
0.7425071612478963,0.5977011494252874,0.8653846153846156,0.28,47.0
0.49507908023941416,0.31034482758620696,0.9230769230769229,0.26,34.0
0.8636520692384,0.31034482758620696,0.6730769230769234,0.30000000000000004,39.0
0.589105986468864,0.2873563218390805,0.8076923076923077,0.17999999999999994,33.0
0.9081576923505614,0.14942528735632188,0.5961538461538463,0.32000000000000006,33.0
0.7614552101561542,0.6666666666666667,0.6923076923076925,0.17999999999999994,52.0
0.20866260212441068,0.011494252873563218,0.7115384615384617,0.020000000000000018,35.0
0.6931865045308129,0.10344827586206896,0.48076923076923084,0.0,34.0
0.6445346024810799,0.3333333333333334,0.3846153846153846,0.41999999999999993,34.0
0.08628049799930897,0.22988505747126436,0.3653846153846154,0.17999999999999994,33.0
0.24087428526844928,0.32183908045977017,0.7307692307692306,0.30000000000000004,33.0
0.4727649661721598,0.49425287356321845,0.8846153846153848,0.96,36.0
0.8841493997926861,0.04597701149425286,0.5769230769230769,0.3400000000000001,35.0
0.7248408921187264,0.35632183908045983,0.8269230769230769,0.26,33.0
0.2338523612612713,0.5517241379310345,0.2692307692307694,0.12,40.0
0.3166441890792363,0.9080459770114943,0.21153846153846168,0.6399999999999999,60.0
0.8880727605078078,0.2643678160919541,0.6538461538461537,0.19999999999999996,39.0
0.6541869615131689,0.0,0.6153846153846154,0.12,34.0
0.20347975345244596,0.7816091954022989,0.7115384615384617,0.3400000000000001,51.0
0.22277332560550162,0.31034482758620696,0.30769230769230793,0.41999999999999993,32.0
0.4662223163432495,0.40229885057471265,0.9807692307692308,0.12,35.0
0.12338523612612716,0.44827586206896564,0.5961538461538463,0.54,34.0
0.610461552179583,0.4367816091954023,0.11538461538461564,0.6799999999999999,34.0
0.9339939143325273,0.5977011494252874,0.9615384615384617,0.21999999999999997,60.0
0.42974174923929165,0.7011494252873565,0.8846153846153848,0.5800000000000001,47.0
0.5621328815524026,0.9770114942528737,0.13461538461538458,0.8600000000000001,63.0
0.565744156756094,0.8160919540229886,0.05769230769230771,0.07999999999999996,55.0
0.9625051549838941,0.35632183908045983,0.4423076923076923,0.8799999999999999,47.0
0.7494733556994618,0.3448275862068966,0.23076923076923084,0.32000000000000006,35.0
0.7476565721864935,0.05747126436781609,0.09615384615384626,0.14,33.0
0.4292624750610239,0.3333333333333334,0.8846153846153848,0.52,35.0
0.305286505645404,0.2758620689655173,0.30769230769230793,0.05999999999999994,35.0
0.6172159743198208,0.2988505747126437,0.30769230769230793,0.020000000000000018,34.0
0.4902194629900022,0.49425287356321845,0.7884615384615385,0.3400000000000001,38.0
0.9276964745483121,0.32183908045977017,0.05769230769230771,0.41999999999999993,39.0
0.5439761923338424,0.5977011494252874,0.3653846153846154,0.32000000000000006,41.0
0.3450997001749908,0.35632183908045983,0.15384615384615374,0.17999999999999994,34.0
0.966473099343506,0.35632183908045983,0.03846153846153855,0.19999999999999996,50.0
0.4928610439260358,0.5172413793103449,0.7499999999999998,0.76,37.0
0.9109441701311876,0.36781609195402304,0.846153846153846,0.30000000000000004,46.0
0.4212374190528205,0.3448275862068966,0.8653846153846156,0.54,34.0
0.6018346169707643,0.24137931034482762,0.17307692307692313,0.3999999999999999,35.0
0.4643943869191588,0.37931034482758624,0.05769230769230771,0.7,34.0
0.4261862035912126,1.0,0.23076923076923084,0.6799999999999999,63.0
0.26488257782632446,0.8505747126436782,0.0769230769230771,1.0,56.0
0.8769714330297932,0.67816091954023,0.8846153846153848,0.41999999999999993,58.0
0.15021344419799598,0.36781609195402304,0.8653846153846156,0.3599999999999999,34.0
0.47170610461552187,0.45977011494252873,0.30769230769230793,0.6199999999999999,36.0
0.3999710206310815,0.3448275862068966,0.7499999999999998,0.21999999999999997,35.0
0.7395534948004325,0.2758620689655173,0.846153846153846,0.020000000000000018,34.0
0.17107858981932478,0.14942528735632188,0.7499999999999998,0.17999999999999994,34.0
0.1180463446984474,0.2873563218390805,0.9038461538461537,0.3400000000000001,33.0
0.15978778185222753,0.32183908045977017,0.7115384615384617,0.3599999999999999,34.0
0.48407806596150205,0.3448275862068966,0.6538461538461537,0.3799999999999999,34.0
0.9854991696296214,0.3908045977011495,0.4423076923076923,0.3400000000000001,55.0
0.9407371905616426,0.2643678160919541,0.9230769230769229,0.17999999999999994,44.0
0.18431993223286036,0.7011494252873565,0.6346153846153846,0.3400000000000001,47.0
0.20403704900857117,0.3333333333333334,0.8653846153846156,0.56,34.0
0.1556972324702683,0.022988505747126436,0.7307692307692306,0.54,35.0
0.21893913217936,0.36781609195402304,0.34615384615384603,0.3799999999999999,33.0
0.18735162005818168,0.12643678160919541,0.7884615384615385,0.09999999999999998,34.0
0.5512433263857154,0.36781609195402304,0.6153846153846154,0.45999999999999996,34.0
0.17054358608544457,0.31034482758620696,0.8846153846153848,0.3400000000000001,34.0
0.4920585383252154,0.6436781609195403,0.8076923076923077,0.52,43.0
0.021333273888474016,0.47126436781609204,0.17307692307692313,0.3400000000000001,36.0
0.11824697109865247,0.2873563218390805,0.1923076923076923,0.020000000000000018,36.0
0.06403325939878958,0.10344827586206896,0.7692307692307694,0.12,34.0
0.6445903320366924,0.31034482758620696,0.6923076923076925,0.14,35.0
0.7501978399224245,0.7126436781609197,0.6923076923076925,0.30000000000000004,52.0
0.7022704220956542,0.8620689655172415,0.25,0.3400000000000001,56.0
0.5578417057702383,0.6206896551724139,0.5576923076923077,0.6000000000000001,44.0
0.4243359823448768,0.5977011494252874,0.28846153846153855,0.09999999999999998,42.0
0.9174310904044853,0.7356321839080461,0.5000000000000002,0.72,61.0
0.9339270388657921,0.4137931034482759,0.3269230769230771,0.3999999999999999,47.0
0.4576288188677984,0.2643678160919541,0.5000000000000002,0.17999999999999994,34.0
0.8306936100491535,0.67816091954023,0.8846153846153848,0.14,57.0
0.3264191531336729,0.32183908045977017,0.7307692307692306,0.28,33.0
0.41979959651801746,0.5172413793103449,0.7307692307692306,0.45999999999999996,37.0
0.2617059931564106,0.21839080459770122,0.8269230769230769,0.05999999999999994,34.0
0.5349034206801235,0.3333333333333334,0.9423076923076921,0.78,35.0
0.5092789710094853,0.7816091954022989,0.8076923076923077,0.3799999999999999,53.0
0.23011848103523225,0.3448275862068966,0.6923076923076925,0.48,34.0
0.8292223497809829,0.2988505747126437,0.6538461538461537,0.5,34.0
0.020987750643676376,0.36781609195402304,0.25,0.30000000000000004,35.0
0.16698804043736554,0.32183908045977017,0.7692307692307694,0.26,33.0
0.6890179337709962,0.2873563218390805,0.7307692307692306,0.19999999999999996,33.0
0.5018446482907746,0.32183908045977017,0.3846153846153846,0.5,33.0
0.4326285402200203,0.3333333333333334,0.4615384615384617,0.5800000000000001,32.0
0.40718242512734204,0.5287356321839082,0.7692307692307694,0.54,39.0
0.8275170253792398,0.37931034482758624,0.7499999999999998,0.3599999999999999,38.0
0.27115772578829456,0.3448275862068966,0.6538461538461537,0.3400000000000001,34.0
0.5601712011948417,0.31034482758620696,0.8846153846153848,0.6399999999999999,33.0
0.07648324212262732,0.3333333333333334,0.25,0.52,33.0
0.462856251184253,0.3333333333333334,0.6923076923076925,0.19999999999999996,34.0
0.08616903888808393,0.31034482758620696,0.21153846153846168,0.43999999999999995,34.0
0.14938864677493063,0.21839080459770122,0.5769230769230769,0.12,34.0
0.937304249935911,0.35632183908045983,0.11538461538461564,0.21999999999999997,45.0
0.932199422641804,0.35632183908045983,0.6153846153846154,0.5800000000000001,44.0
0.8040214447329999,0.45977011494252873,0.9423076923076921,0.72,41.0
0.8972124076282617,0.3333333333333334,0.8653846153846156,0.6199999999999999,40.0
0.7753987449704077,0.6091954022988506,0.6730769230769234,0.45999999999999996,48.0
0.863540610127175,0.6206896551724139,0.9807692307692308,0.14,57.0
0.9580913741793824,0.32183908045977017,0.9230769230769229,0.24,50.0
0.10170643899285549,0.5172413793103449,0.23076923076923084,0.28,39.0
0.7741281111024421,0.8160919540229886,0.6923076923076925,0.21999999999999997,60.0
0.9224913340541023,0.5287356321839082,0.6538461538461537,0.12,57.0
0.5838116786856742,0.3333333333333334,0.34615384615384603,0.21999999999999997,34.0
0.06184866081877864,0.839080459770115,0.7115384615384617,0.8799999999999999,55.0
0.24825287843154742,0.8275862068965518,0.5961538461538463,0.72,54.0
0.22967264459033204,0.31034482758620696,0.5961538461538463,0.17999999999999994,34.0
0.6688995641948752,0.7356321839080461,0.9038461538461537,0.26,53.0
0.6133483431603117,0.2873563218390805,0.13461538461538458,0.09999999999999998,35.0
0.7203267981141119,0.36781609195402304,0.30769230769230793,0.28,33.0
0.7817964979547254,0.05747126436781609,0.8269230769230769,0.32000000000000006,34.0
0.2079715556348154,0.3333333333333334,0.40384615384615397,0.5,33.0
0.7490275192545616,0.5632183908045978,0.5769230769230769,0.14,44.0
0.8889421415753631,0.7931034482758622,0.6730769230769234,0.48,63.0
0.10448177086235917,0.7816091954022989,0.5576923076923077,0.24,53.0
0.2101115705703363,0.3333333333333334,0.23076923076923084,0.48,35.0
0.1855682742785809,0.2988505747126437,0.40384615384615397,0.12,34.0
0.874184955249167,0.32183908045977017,0.42307692307692313,0.52,36.0
0.4117633945986915,0.32183908045977017,0.6538461538461537,0.6199999999999999,33.0
0.3925589897346159,0.20689655172413796,0.7307692307692306,0.3799999999999999,33.0
0.12807766470870163,0.2988505747126437,0.8076923076923077,0.14,36.0
0.8326107067622244,0.40229885057471265,0.3846153846153846,0.52,37.0
0.5963842664318595,0.3448275862068966,0.5961538461538463,0.6599999999999999,35.0
0.19533209242189503,0.47126436781609204,0.09615384615384626,0.43999999999999995,36.0
0.6616658678763696,0.8505747126436782,0.7115384615384617,0.8600000000000001,58.0
0.26988709192032906,0.8275862068965518,0.30769230769230793,0.3999999999999999,53.0
0.5657887404005841,0.5402298850574714,0.5192307692307692,0.41999999999999993,38.0
0.8945819726033506,0.6551724137931035,0.8846153846153848,0.54,58.0
0.18328336249846744,0.13793103448275862,0.7692307692307694,0.3599999999999999,35.0
0.07045330420535227,0.7126436781609197,0.8076923076923077,0.5,50.0
0.5131577480801168,0.9310344827586209,0.42307692307692313,0.9199999999999999,59.0
0.6101829044015203,0.32183908045977017,1.0,0.52,33.0
0.7476342803642485,0.49425287356321845,0.8846153846153848,0.43999999999999995,42.0
0.14489684459256125,0.3448275862068966,0.7884615384615385,0.3799999999999999,32.0
0.6197238043223844,0.05747126436781609,0.9038461538461537,0.039999999999999925,33.0
0.07630490754466725,0.3908045977011495,0.8653846153846156,0.26,35.0
0.8408252432595102,0.2758620689655173,0.21153846153846168,0.30000000000000004,35.0
0.03088531972046056,0.16091954022988508,0.6538461538461537,0.21999999999999997,33.0
0.20987750643676367,0.67816091954023,1.0,0.17999999999999994,46.0
0.5717183651177565,0.32183908045977017,0.7692307692307694,0.3799999999999999,33.0
0.8599070431012384,0.35632183908045983,0.05769230769230771,0.45999999999999996,34.0
0.731416979681004,0.3448275862068966,0.9230769230769229,0.5800000000000001,35.0
0.2234532261839744,0.24137931034482762,0.28846153846153855,0.020000000000000018,34.0
0.16766794101583832,0.37931034482758624,0.8653846153846156,0.3400000000000001,33.0
0.35425049320656715,0.3333333333333334,0.9807692307692308,0.24,35.0
0.5859182558878275,0.3448275862068966,0.9423076923076921,0.6799999999999999,33.0
0.4145610182904401,0.08045977011494253,0.8846153846153848,0.039999999999999925,35.0
0.11996344141151823,0.632183908045977,0.9423076923076921,0.76,44.0
0.7513124310346749,0.37931034482758624,0.6923076923076925,0.24,37.0
0.5414906541535238,0.31034482758620696,0.05769230769230771,0.15999999999999992,34.0
0.9073663326608634,0.632183908045977,0.3653846153846154,0.09999999999999998,59.0
0.7663259733166888,0.32183908045977017,0.7307692307692306,0.43999999999999995,34.0
0.33179148229472016,0.2758620689655173,0.7692307692307694,0.039999999999999925,34.0
0.25043747701155833,0.44827586206896564,0.9423076923076921,0.05999999999999994,33.0
0.46666815278814977,0.034482758620689655,0.7692307692307694,0.07999999999999996,34.0
0.27659693041607686,0.67816091954023,0.7692307692307694,0.19999999999999996,46.0
0.4242356691447743,0.5057471264367817,0.03846153846153855,0.21999999999999997,37.0
0.39968122694189645,0.32183908045977017,0.42307692307692313,0.30000000000000004,34.0
0.5245042856028267,0.5172413793103449,0.2692307692307694,0.32000000000000006,37.0
0.6540532105796989,0.32183908045977017,0.7499999999999998,0.5800000000000001,34.0
0.841059307393083,0.3908045977011495,0.6538461538461537,0.3999999999999999,40.0
0.7904234331635441,0.49425287356321845,0.7884615384615385,0.74,42.0
0.81038575998395,0.885057471264368,0.6923076923076925,0.6599999999999999,64.0
0.1261717139067533,0.45977011494252873,0.7115384615384617,0.24,35.0
0.08786321737870463,0.2758620689655173,0.9038461538461537,0.14,34.0
0.6883268872814009,0.32183908045977017,0.9038461538461537,0.6399999999999999,35.0
0.4466946800566213,0.7011494252873565,0.7307692307692306,0.3999999999999999,47.0
0.13975857956508658,0.7471264367816093,0.6153846153846154,0.3999999999999999,49.0
0.07415374669802384,0.3448275862068966,0.846153846153846,0.6799999999999999,35.0
0.09380398800699964,0.2758620689655173,0.40384615384615397,0.30000000000000004,33.0
0.9604765991595985,0.37931034482758624,0.8076923076923077,0.14,53.0
0.6120219797367336,0.67816091954023,0.8653846153846156,0.54,49.0
0.7834683846231011,0.44827586206896564,0.9038461538461537,0.6399999999999999,40.0
0.7059708645883259,0.31034482758620696,0.9423076923076921,0.05999999999999994,35.0
0.879267490721029,0.3448275862068966,0.7115384615384617,0.30000000000000004,42.0
0.8777516468083684,0.49425287356321845,0.6538461538461537,0.41999999999999993,47.0
0.8906474659771064,0.2643678160919541,0.846153846153846,0.17999999999999994,39.0
0.43063342212909195,0.08045977011494253,0.34615384615384603,0.07999999999999996,34.0
0.45392837637512684,0.5287356321839082,0.7884615384615385,0.6199999999999999,39.0
0.9603205564038833,0.2988505747126437,0.30769230769230793,0.12,46.0
0.11304183060444277,0.05747126436781609,0.9230769230769229,0.12,33.0
0.18063063565131132,0.2873563218390805,0.21153846153846168,0.039999999999999925,34.0
0.8776178958748984,0.32183908045977017,0.6538461538461537,0.43999999999999995,38.0
0.7752092644813251,0.8505747126436782,0.21153846153846168,0.7,58.0
0.8520157380265051,0.0689655172413793,1.0,0.30000000000000004,35.0
0.5936869559402134,0.9770114942528737,0.09615384615384626,0.6399999999999999,61.0
0.9000769067867453,0.2873563218390805,0.9423076923076921,0.3999999999999999,40.0
0.5445334878899676,0.896551724137931,0.6538461538461537,0.96,59.0
0.18606984027909362,0.3333333333333334,0.3846153846153846,0.8799999999999999,34.0
0.6733244909105095,0.32183908045977017,0.7307692307692306,0.45999999999999996,33.0
0.5691770973818255,0.2643678160919541,0.8076923076923077,0.3799999999999999,35.0
0.000300939600307637,0.37931034482758624,0.5961538461538463,0.30000000000000004,34.0
0.5577971221257482,0.25287356321839083,0.6153846153846154,0.09999999999999998,35.0
0.8040771742886124,0.49425287356321845,0.6730769230769234,0.26,45.0
0.369063409088376,0.32183908045977017,0.846153846153846,0.43999999999999995,34.0
0.9908826447017913,0.31034482758620696,0.4615384615384617,0.6399999999999999,50.0
0.7901893690299714,0.2873563218390805,0.7884615384615385,0.26,35.0
0.4894392492114268,0.6551724137931035,0.9038461538461537,0.3400000000000001,45.0
0.30796152431480517,0.35632183908045983,0.9615384615384617,0.6199999999999999,34.0
0.16888284532819137,0.36781609195402304,0.9423076923076921,0.52,34.0
0.08855426386829994,0.5057471264367817,0.7307692307692306,0.3999999999999999,37.0
0.7752538481258151,0.32183908045977017,0.7307692307692306,0.45999999999999996,34.0
0.4880571562322362,0.32183908045977017,0.40384615384615397,0.21999999999999997,34.0
0.6274479207302802,0.7356321839080461,0.30769230769230793,0.15999999999999992,51.0
0.3779132625196447,0.31034482758620696,0.6730769230769234,0.32000000000000006,34.0
0.1816783512968268,0.4252873563218391,0.8076923076923077,0.45999999999999996,35.0
0.2490330922101227,0.32183908045977017,0.7499999999999998,0.56,35.0
0.8463313233540277,0.12643678160919541,0.9038461538461537,0.26,32.0
0.9268048016585115,0.5172413793103449,0.21153846153846168,0.48,50.0
0.8697600285335325,0.6436781609195403,0.5769230769230769,0.09999999999999998,58.0
0.6183640031654388,0.31034482758620696,0.6730769230769234,0.15999999999999992,34.0
0.39865580311862603,0.7586206896551726,0.8846153846153848,0.020000000000000018,51.0
0.5168470446616659,0.35632183908045983,0.09615384615384626,0.45999999999999996,35.0
0.010231946410459339,0.0689655172413793,0.30769230769230793,0.12,33.0
0.9546027039980385,0.3448275862068966,0.6923076923076925,0.72,47.0
0.9755570169083472,0.3333333333333334,0.9807692307692308,0.21999999999999997,51.0
0.1858469220566435,0.19540229885057475,0.8653846153846156,0.12,33.0
0.7094929725030373,0.3333333333333334,0.0769230769230771,0.3999999999999999,35.0
0.8214870874619646,0.31034482758620696,0.7692307692307694,0.039999999999999925,38.0
0.6844481102107692,0.2988505747126437,0.3653846153846154,0.3999999999999999,35.0
0.566736142845997,0.5172413793103449,0.7692307692307694,0.21999999999999997,39.0
0.775164680836835,0.36781609195402304,0.7499999999999998,0.5800000000000001,34.0
0.16335447341142906,0.8735632183908048,0.11538461538461564,0.9199999999999999,57.0
0.8659592728407585,0.5172413793103449,0.05769230769230771,0.15999999999999992,46.0
0.656572186493385,0.48275862068965525,0.7884615384615385,0.3400000000000001,38.0
0.324167679086927,0.3908045977011495,0.7115384615384617,0.17999999999999994,34.0
0.801023194641046,0.32183908045977017,0.17307692307692313,0.78,34.0
0.7840145342681039,0.6436781609195403,0.7115384615384617,0.3999999999999999,51.0
0.09079459200392338,0.36781609195402304,0.9230769230769229,0.41999999999999993,33.0
0.9840947848281858,0.4367816091954023,0.8269230769230769,0.07999999999999996,58.0
0.7976459835709271,0.3333333333333334,0.7884615384615385,0.52,34.0
0.09645671485415576,0.32183908045977017,0.17307692307692313,0.30000000000000004,33.0
0.3346671273643264,0.36781609195402304,1.0,0.78,33.0
0.5243259510248666,0.1724137931034483,0.7692307692307694,0.05999999999999994,35.0
0.6801123507841149,0.6091954022988506,0.48076923076923084,0.3400000000000001,44.0
0.9584591892464251,0.36781609195402304,0.7884615384615385,0.32000000000000006,50.0
0.6466077419498657,0.7701149425287357,0.7115384615384617,0.3400000000000001,53.0
0.8491512388680212,0.31034482758620696,0.9807692307692308,0.15999999999999992,39.0
0.14511976281501132,0.3448275862068966,0.6153846153846154,0.52,34.0
0.3068246413803097,0.04597701149425286,0.846153846153846,0.21999999999999997,35.0
0.8835475205920709,0.7011494252873565,0.13461538461538458,0.43999999999999995,55.0
0.8686900210657721,0.9195402298850576,0.11538461538461564,0.48,63.0
0.6000958548356536,0.67816091954023,1.0,0.30000000000000004,48.0
0.16986368550697178,0.48275862068965525,0.7499999999999998,0.3599999999999999,36.0
0.19678106086782066,0.4252873563218391,0.8269230769230769,0.43999999999999995,32.0
0.10521740099644446,0.5172413793103449,0.9615384615384617,0.6799999999999999,38.0
0.971176673837203,0.37931034482758624,0.7115384615384617,0.24,52.0
0.280486853397831,0.2643678160919541,0.6153846153846154,0.3799999999999999,34.0
0.8499871822022091,0.7586206896551726,0.9230769230769229,0.15999999999999992,62.0
0.8503661431803743,0.2758620689655173,0.8653846153846156,0.15999999999999992,37.0
0.7705837113654856,0.3448275862068966,0.2692307692307694,0.3400000000000001,33.0
0.6437655346136271,0.31034482758620696,0.9423076923076921,0.45999999999999996,34.0
0.6278603194418129,0.7011494252873565,0.2692307692307694,0.30000000000000004,48.0
0.4704800543920463,0.4137931034482759,0.5192307692307692,0.5800000000000001,34.0
0.2876982578940916,0.3333333333333334,0.6153846153846154,0.30000000000000004,35.0
0.6570403147605302,0.2988505747126437,0.34615384615384603,0.28,35.0
0.3577837470324012,0.3448275862068966,0.6538461538461537,0.41999999999999993,34.0
0.016417927083449455,0.35632183908045983,0.9807692307692308,0.43999999999999995,35.0
0.32343204895284167,0.7011494252873565,0.7692307692307694,0.3599999999999999,49.0
0.6900656494165116,0.7471264367816093,0.5384615384615383,0.09999999999999998,55.0
0.18020709102865617,0.20689655172413796,0.6346153846153846,0.14,35.0
0.4980661844202454,0.7471264367816093,0.3653846153846154,0.6000000000000001,49.0
0.7245845361629086,0.32183908045977017,0.6923076923076925,0.41999999999999993,34.0
0.1921109241074912,0.2758620689655173,0.09615384615384626,0.24,34.0
0.126561820796041,0.36781609195402304,0.25,0.7,35.0
0.6185534836545215,0.3333333333333334,0.23076923076923084,0.30000000000000004,34.0
0.17693019315863973,0.25287356321839083,0.9807692307692308,0.05999999999999994,34.0
0.8484379005561811,0.31034482758620696,0.1923076923076923,0.6000000000000001,35.0
0.8323209130730391,0.2758620689655173,0.7115384615384617,0.19999999999999996,36.0
0.6597710629855438,0.32183908045977017,0.9038461538461537,0.56,33.0
0.08552257604297865,0.6091954022988506,0.34615384615384603,0.26,44.0
0.5458598513135456,0.36781609195402304,0.4423076923076923,0.6599999999999999,34.0
0.2218036313378437,0.13793103448275862,0.846153846153846,0.09999999999999998,34.0
0.27262898605646524,0.5287356321839082,0.6538461538461537,0.56,38.0
0.7248520380298488,0.0,0.8846153846153848,0.32000000000000006,33.0
0.2380209320210881,0.5862068965517242,0.40384615384615397,0.45999999999999996,41.0
0.2884338880281769,0.31034482758620696,0.6346153846153846,0.3599999999999999,33.0
0.4594456023807667,0.45977011494252873,0.9807692307692308,0.45999999999999996,35.0
0.5445111960677226,0.31034482758620696,0.7692307692307694,0.6000000000000001,34.0
0.1884996489037996,0.3448275862068966,0.28846153846153855,0.5800000000000001,34.0
0.9418629275850154,0.1149425287356322,0.6538461538461537,0.15999999999999992,35.0
0.8896666257983259,0.31034482758620696,0.9615384615384617,0.5800000000000001,40.0
0.33996143514751614,0.35632183908045983,0.8653846153846156,0.6199999999999999,34.0
0.5942888351408286,0.47126436781609204,0.8846153846153848,0.54,37.0
0.10877294664452346,0.24137931034482762,0.11538461538461564,0.039999999999999925,33.0
0.09654588214313582,0.2988505747126437,0.7692307692307694,0.039999999999999925,34.0
0.5532495903877663,0.2758620689655173,0.9230769230769229,0.24,35.0
0.2572476287074087,0.7931034482758622,0.846153846153846,0.6599999999999999,54.0
0.234242468150559,0.5977011494252874,0.7499999999999998,0.8400000000000001,42.0
0.23983771553405636,0.35632183908045983,0.6730769230769234,0.3799999999999999,35.0
0.5740367146312375,0.5402298850574714,0.846153846153846,0.21999999999999997,41.0
0.29680446728117793,0.09195402298850576,0.4423076923076923,0.07999999999999996,35.0
0.9166954602704,0.6206896551724139,0.40384615384615397,0.6199999999999999,55.0
0.41972157514015984,0.5172413793103449,0.6538461538461537,0.21999999999999997,39.0
0.948762246569846,0.24137931034482762,0.8653846153846156,0.0,45.0
0.411729956865324,0.32183908045977017,0.6346153846153846,0.41999999999999993,34.0
0.13971399592059652,0.2758620689655173,0.9038461538461537,0.3400000000000001,34.0
0.47585238355309356,0.3908045977011495,0.9230769230769229,0.6199999999999999,33.0
0.9341276652659973,0.632183908045977,0.5769230769230769,0.32000000000000006,59.0
0.34375104492916775,0.2988505747126437,0.7884615384615385,0.30000000000000004,33.0
0.7200927339805393,0.2988505747126437,0.03846153846153855,0.0,34.0
0.26831551845205587,0.3448275862068966,0.6538461538461537,0.3799999999999999,34.0
